_id,_masterChatId,_roomId,_hashTag,_firstLineValue,_iconPath,_appearCharaIdList,_masterReleaseLabelId
1001001,1001,1,Honoka (DM),穗乃果: 嘿嘿！,profile_01001_0000,1001,1
1001002,1001,2,Honoka (Birthday 2023),穗乃果上線了,profile_01001_0000,1001,123080302
1001003,1001,3,Honoka (Birthday 2023),穗乃果: HAPPY BIRTHDAY!,profile_01001_0000,1001,1
1001004,1001,16,Honoka (New Year's 2024),穗乃果: Happy New Year!,profile_01001_0000,1001,324010140
1001005,1001,17,Honoka Valentine 2024,穗乃果: Listen，listen..!,profile_01001_0000,1001,324021434
1001007,1001,7,Honoka (April 2023),Eri: Thanks 為 Valentine's Day chocolates today!,profile_01001_0000,1001,1
1001008,1001,8,Honoka (May 2023),小鳥: Happy Valentine's Day!,profile_01001_0000,1001,1
1001009,1001,9,Honoka (June 2023),海未: Thank you 為 Valentine's Day chocolates today!,profile_01001_0000,1001,323061304
1001010,1001,10,Honoka (July 2023),穗乃果: Summer vacation is finally here!,profile_01001_0000,1001,323072107
1001011,1001,11,Honoka (Summer Vacation 2023),穗乃果: Hey heyyy.,profile_01001_0000,1001,323082003
1001012,1001,12,Honoka (September 2023),穗乃果: Hey，got minute?,profile_01001_0000,1001,323092104
1001013,1001,13,Honoka (Halloween 2023),穗乃果: Trick 或 treat!,profile_01001_0000,1001,323103132
1001014,1001,14,Honoka (November 2023),穗乃果: Hey there.,profile_01001_0000,1001,323111603
1001015,1001,15,Honoka (Christmas 2023),穗乃果: Merry Christmas!,profile_01001_0000,1001,323122413
1001018,1001,18,Honoka (White Day 2024),穗乃果: Today's White Day!,profile_01001_0000,1001,324031435
1002001,1002,1,Eli (DM),繪里上線了,profile_01002_0000,1002,1
1002002,1002,2,Eli (Birthday 2023),繪里上線了,profile_01002_0000,1002,123102102
1002003,1002,3,Eli (Birthday 2023),繪里: Happy birthday!,profile_01002_0000,1002,1
1002004,1002,16,Eli: (New Year's 2024),繪里: Happy New Year,profile_01002_0000,1002,324010141
1002005,1002,17,Eri Valentine 2024,Eri: Thanks 為 Valentine's Day chocolates today!,profile_01002_0000,1002,324021435
1002007,1002,7,Kotori Valentine 2024,繪里上線了,profile_01002_0000,1002,1
1002008,1002,8,Umi Valentine 2024,繪里: Oh，listen 至 this!,profile_01002_0000,1002,1
1002009,1002,9,Rin Valentine 2024,繪里上線了,profile_01002_0000,1002,323060804
1002010,1002,10,Maki Valentine2 024,繪里: It's been really hot lately—are you feeling okay?,profile_01002_0000,1002,323072405
1002011,1002,11,Eli (Summer Vacation 2023),繪里: Why does everyone love scary stories 於 summertime...,profile_01002_0000,1002,323080703
1002012,1002,12,Eli (September 2023),繪里: So I went 至 that place selling seasonal cakes 與 希 與 妮可.,profile_01002_0000,1002,323092503
1002013,1002,13,Eli (Halloween 2023),繪里上線了,profile_01002_0000,1002,323103133
1002014,1002,14,Eli (November 2023),繪里: It's feeling like autumn!,profile_01002_0000,1002,323112003
1002015,1002,15,Eli (Christmas 2023),繪里上線了,profile_01002_0000,1002,323122414
1002018,1002,18,Eli (White Day 2024),繪里: Thanks 為 White Day gift today.,profile_01002_0000,1002,324031436
1003001,1003,1,Kotori (DM),小鳥: Hey！It's 小鳥.,profile_01003_0000,1003,1
1003002,1003,2,Kotori (Birthday 2023),小鳥上線了,profile_01003_0000,1003,123091202
1003003,1003,3,Kotori (Birthday 2023),小鳥傳送了貼圖,profile_01003_0000,1003,1
1003004,1003,16,Kotori (New Year's 2024),小鳥: Happy New Year,profile_01003_0000,1003,324010142
1003005,1003,17,Kotori Valentine 2024,小鳥: Happy Valentine's Day!,profile_01003_0000,1003,324021436
1003007,1003,7,Kotori (April 2023),小鳥上線了,profile_01003_0000,1003,1
1003008,1003,8,Kotori (May 2023),小鳥傳送了貼圖,profile_01003_0000,1003,1
1003009,1003,9,Kotori (June 2023),小鳥: So I got letter 來自 somebody who came 至 last 演唱會.,profile_01003_0000,1003,323060403
1003010,1003,10,Kotori (July 2023),小鳥: Hey，got minute？There's something I want 至 ask you about.,profile_01003_0000,1003,323071203
1003011,1003,11,Kotori (Summer Vacation 2023),小鳥傳送了貼圖,profile_01003_0000,1003,323080704
1003012,1003,12,Kotori (September 2023),小鳥上線了,profile_01003_0000,1003,323092804
1003013,1003,13,Kotori (Halloween 2023),小鳥: Hi!,profile_01003_0000,1003,323103134
1003014,1003,14,Kotori (November 2023),小鳥傳送了貼圖,profile_01003_0000,1003,323112603
1003015,1003,15,Kotori (Christmas 2023),小鳥: Merry Christmas!,profile_01003_0000,1003,323122526
1003018,1003,18,Kotori (White Day 2024),小鳥: Thanks 為 White Day gift today!,profile_01003_0000,1003,324031437
1004001,1004,1,Umi (DM),海未上線了,profile_01004_0000,1004,1
1004003,1004,3,Umi (Birthday 2023),海未: I apologize 為 sending this so late.,profile_01004_0000,1004,1
1004004,1004,16,Umi (New Year's 2024),海未: Happy New Year 至 you,profile_01004_0000,1004,324010143
1004005,1004,17,Umi Valentine 2024,海未: Thank you 為 Valentine's Day chocolates today!,profile_01004_0000,1004,324021437
1004007,1004,7,Umi (April 2023),海未: Things are finally feeling like spring.,profile_01004_0000,1004,1
1004008,1004,8,Umi (May 2023),海未 sent image,profile_01004_0000,1004,1
1004009,1004,9,Umi (June 2023),海未上線了,profile_01004_0000,1004,323061602
1004010,1004,10,Umi (July 2023),海未: Hello.,profile_01004_0000,1004,323072406
1004011,1004,11,Umi (Summer Vacation 2023),海未: Oh dear，I have distressing news!,profile_01004_0000,1004,323082403
1004012,1004,12,Umi (September 2023),海未: Hello.,profile_01004_0000,1004,323090303
1004013,1004,13,Umi (Halloween 2023),海未上線了,profile_01004_0000,1004,323103135
1004014,1004,14,Umi (November 2023),海未: Are you ready 為 our next BBQ?,profile_01004_0000,1004,323111604
1004015,1004,15,Umi (Christmas 2023),海未上線了,profile_01004_0000,1004,323122415
1004018,1004,18,Umi (White Day 2024),海未: Thank you 為 White Day gift today.,profile_01004_0000,1004,324031438
1004019,1004,19,海未 お誕生日2024,海未上線了,profile_01004_0000,1004,124031502
1005001,1005,1,Rin (DM),凜上線了,profile_01005_0000,1005,1
1005002,1005,2,Rin (Birthday 2023),凜上線了,profile_01005_0000,1005,123110103
1005003,1005,3,Rin (Birthday 2023),凜傳送了貼圖,profile_01005_0000,1005,1
1005004,1005,16,Rin (New Year's 2024),凜: Happy New Year!,profile_01005_0000,1005,324010144
1005005,1005,17,Rin Valentine 2024,凜: chocolate you gave me is so delicious!,profile_01005_0000,1005,324021438
1005007,1005,7,Rin (April 2023),凜: days are all nice 與 warm now!,profile_01005_0000,1005,1
1005008,1005,8,Rin (May 2023),凜: G'morning!,profile_01005_0000,1005,1
1005009,1005,9,Rin (June 2023),凜上線了,profile_01005_0000,1005,323060203
1005010,1005,10,Rin (July 2023),凜: Oh，noooo!,profile_01005_0000,1005,323072303
1005011,1005,11,Rin (Summer Vacation 2023),凜上線了,profile_01005_0000,1005,323080803
1005012,1005,12,Rin (September 2023),凜: I read paper!,profile_01005_0000,1005,323092805
1005013,1005,13,Rin (Halloween 2023),凜: Happy Halloween!,profile_01005_0000,1005,323103136
1005014,1005,14,Rin (November 2023),凜: I'm excited 為 our next BBQ!,profile_01005_0000,1005,323112203
1005015,1005,15,Rin (Christmas 2023),凜: Merry Christmas!,profile_01005_0000,1005,323122416
1005018,1005,18,Rin (White Day 2024),凜: Valentine's was awesome，but White Day is awesome too!,profile_01005_0000,1005,324031439
1006001,1006,1,Maki (DM),真姬上線了,profile_01006_0000,1006,1
1006003,1006,3,Maki (Birthday 2023),真姬: Happy birthday.,profile_01006_0000,1006,1
1006004,1006,16,Maki (New Year's 2024),真姬: Happy New Year,profile_01006_0000,1006,324010145
1006005,1006,17,Maki Valentine 2024,真姬: Thanks 為 Valentine's Day chocolates today!,profile_01006_0000,1006,324021439
1006007,1006,7,Maki (April 2023),真姬: I saw prettiest row 的 cherry trees while I was out on walk earlier.,profile_01006_0000,1006,1
1006008,1006,8,Maki (May 2023),真姬: Did you see pics I sent earlier?,profile_01006_0000,1006,1
1006009,1006,9,Maki (June 2023),真姬: So did you listen 至 歌曲 I sent you earlier?,profile_01006_0000,1006,323061803
1006010,1006,10,Maki (July 2023),真姬: Summer vacation is just around corner，huh.,profile_01006_0000,1006,323071204
1006011,1006,11,Maki (Summer Vacation 2023),真姬: Summer vacation is almost over，huh.,profile_01006_0000,1006,323081604
1006012,1006,12,Maki (September 2023),真姬: Hey，got minute？I want 至 ask you something about rehearsal I had you watch today.,profile_01006_0000,1006,323091903
1006013,1006,13,Maki (Halloween 2023),真姬: Today is Halloween.,profile_01006_0000,1006,323103137
1006014,1006,14,Maki (November 2023),真姬: It's getting colder these days.,profile_01006_0000,1006,323112103
1006015,1006,15,Maki (Christmas 2023),真姬上線了,profile_01006_0000,1006,323122417
1006018,1006,18,Maki (White Day 2024),真姬: Morning.,profile_01006_0000,1006,324031440
1007001,1007,1,Nozomi (DM),希: Evening.,profile_01007_0000,1007,1
1007002,1007,2,Nozomi (Birthday 2023),希上線了,profile_01007_0000,1007,123060902
1007003,1007,3,Nozomi (Birthday 2023),希: 曜 awake?,profile_01007_0000,1007,1
1007004,1007,16,Nozomi (New Year's 2024),希: Happy New Year!,profile_01007_0000,1007,324010146
1007005,1007,17,Nozomi Valentine 2024,Rarity: I have problem!,profile_01007_0000,1007,324021440
1007007,1007,7,Nozomi (April 2023),希 sent image,profile_01007_0000,1007,1
1007008,1007,8,Nozomi (May 2023),希: 'Morninnng.,profile_01007_0000,1007,1
1007009,1007,9,Nozomi (June 2023),希上線了,profile_01007_0000,1007,323061403
1007010,1007,10,Nozomi (July 2023),希: Hellooo.,profile_01007_0000,1007,323072603
1007011,1007,11,Nozomi (Summer Vacation 2023),希: Good morning!,profile_01007_0000,1007,323081703
1007012,1007,12,Nozomi (September 2023),希: What'cha been up 至?,profile_01007_0000,1007,323092105
1007013,1007,13,Nozomi (Halloween 2023),希: Happy Halloween!,profile_01007_0000,1007,323103138
1007014,1007,14,Nozomi (November 2023),希上線了,profile_01007_0000,1007,323111803
1007015,1007,15,Nozomi (Christmas 2023),希: Merry Christmas!<br>How are you spending 你的Christmas Eve?,profile_01007_0000,1007,323122418
1007018,1007,18,Nozomi (White Day 2024),希: Hey!,profile_01007_0000,1007,324031441
1008001,1008,1,Hanayo (DM),花陽上線了,profile_01008_0000,1008,1
1008002,1008,2,Hanayo Birthday  2024,花陽上線了,profile_01008_0000,1008,124011702
1008003,1008,3,Hanayo (Birthday 2023),花陽傳送了貼圖,profile_01008_0000,1008,1
1008004,1008,16,Hanayo (New Year's 2024),花陽: Happy New Year!,profile_01008_0000,1008,324010147
1008005,1008,17,Hanayo Valentine 2024,花陽: Thanks 為 Valentine's Day chocolates today!,profile_01008_0000,1008,324021441
1008007,1008,7,Hanayo (April 2023),花陽: I've got big news 至 share!,profile_01008_0000,1008,1
1008008,1008,8,Hanayo (May 2023),花陽: That was amazing...,profile_01008_0000,1008,1
1008009,1008,9,Hanayo (June 2023),花陽上線了,profile_01008_0000,1008,323060703
1008010,1008,10,Hanayo (July 2023),花陽: It's so darn hot...,profile_01008_0000,1008,323072902
1008011,1008,11,Hanayo (Summer Vacation 2023),花陽: Hello.,profile_01008_0000,1008,323080804
1008012,1008,12,Hanayo (September 2023),花陽: Hey，listen 至 this!,profile_01008_0000,1008,323092903
1008013,1008,13,Hanayo (Halloween 2023),花陽: Happy Halloween!,profile_01008_0000,1008,323103139
1008014,1008,14,Hanayo (November 2023),花陽: It's autumn harvest time!,profile_01008_0000,1008,323110803
1008015,1008,15,Hanayo (Christmas 2023),花陽: Merry Christmas!,profile_01008_0000,1008,323122419
1008018,1008,18,Hanayo (White Day 2024),花陽: Good morning!,profile_01008_0000,1008,324031442
1009001,1009,1,Nico (DM),妮可: 妮可-妮可-Ni！Thanks 為 coming 至 interview us today!,profile_01009_0000,1009,1
1009002,1009,2,Nico (Birthday 2023),妮可上線了,profile_01009_0000,1009,123072202
1009003,1009,3,Nico (Birthday 2023),妮可: Hey，are you busy today?,profile_01009_0000,1009,1
1009004,1009,16,Nico (New Year's 2024),妮可: Happy New Year!,profile_01009_0000,1009,324010148
1009005,1009,17,Niko Valentine 2024,妮可上線了,profile_01009_0000,1009,324021442
1009007,1009,7,Nico (April 2023),妮可: Everything going good?,profile_01009_0000,1009,1
1009008,1009,8,Nico (May 2023),妮可: Big trouble!!!,profile_01009_0000,1009,1
1009009,1009,9,Nico (June 2023),妮可上線了,profile_01009_0000,1009,323061003
1009010,1009,10,Nico (July 2023),妮可: It's scorching hot，but are you staying cool?,profile_01009_0000,1009,323072604
1009011,1009,11,Nico (Summer Vacation 2023),妮可: What are you up 至?,profile_01009_0000,1009,323082904
1009012,1009,12,Nico (September 2023),妮可上線了,profile_01009_0000,1009,323090603
1009013,1009,13,Nico (Halloween 2023),妮可: Thanks 為 today!,profile_01009_0000,1009,323103140
1009014,1009,14,Nico (November 2023),妮可: Getting ready 為 next BBQ?,profile_01009_0000,1009,323110603
1009015,1009,15,Nico (Christmas 2023),妮可: Merry Christmas!,profile_01009_0000,1009,323122420
1009018,1009,18,Nico (White Day 2024),妮可: White Day gift was super good.,profile_01009_0000,1009,324031443
1101001,1101,1,µ's,穗乃果: Did everyone get added 至 group?,profile_01001_0000,"1001,1007,1002,1003,1004,1005,1006,1008,1009",1
1101002,1101,2,µ's (Spring 2023),穗乃果: I'm sooo sleepy!<br>I can't keep my eyes open!,profile_01001_0000,"1001,1004,1007,1009,1003,1002,1006,1008,1005",1
1101003,1101,3,Nozomi (Birthday Party 2023): Part 1,,,"1001,1003,1004,1005,1006,1008,1009",123060902
1101004,1101,4,Nozomi (Birthday Party 2023): Part 2,,,"1001,1002,1003,1004,1005,1006,1007,1008,1009",123060902
1101005,1101,5,µ's (Event Prep 2023),花陽: Ooh，our event is just around corner。I can't wait!,profile_01001_0000,"1008,1005,1003,1002,1007,1001,1004,1006,1009",323062206
1101006,1101,6,Nico (Birthday Party 2023): Part 1,,,"1002,1001,1003,1004,1005,1007,1006,1008",123072202
1101007,1101,7,Nico (Birthday Party 2023): Part 2,,,"1001,1007,1005,1006,1004,1003,1002,1008,1009",123072202
1101008,1101,8,µ's (Summer 2023),妮可: It's soooooooooooo hot..。Was summer always this hot?,profile_01001_0000,"1009,1007,1006,1001,1004,1002,1003,1008,1005",323072606
1101009,1101,9,Honoka (Birthday Party 2023): Part 1,,,"1009,1002,1007,1008,1005,1006,1004,1003",123080302
1101010,1101,10,Honoka (Birthday Party 2023): Part 2,,,"1007,1002,1009,1001,1008,1005,1006,1003,1004",123080302
1101011,1101,11,μ's (August 25th),穗乃果: Good！Morninnng！曜 all up?,profile_01001_0000,"1001,1003,1005,1007,1002,1008,1006,1004,1009",323082502
1101012,1101,12,Kotori (Birthday Party 2023): Part 1,花陽: It's almost 小鳥's birthday，huh.,profile_01001_0000,"1008,1007,1004,1001,1009,1006,1002,1005",123091202
1101013,1101,13,Kotori (Birthday Party 2023): Part 2,小鳥: 曜 guys!,profile_01001_0000,"1003,1001,1002,1008,1009,1005,1004,1007,1006",123091202
1101014,1101,14,µ's (Fall 2023),海未: hot summer melted away just 於 time 為 fall.,profile_01001_0000,"1004,1006,1003,1001,1007,1002,1005,1008,1009",323100703
1101015,1101,15,μ's Half Anniversary,,,"1001,1009,1003,1007,1002,1005,1008,1004,1006",323101503
1101016,1101,16,Eli (Birthday Party 2023): Part 1,,,"1006,1002,1009",123102102
1101017,1101,17,Eli (Birthday Party 2023): Part 2,,,"1004,1005,1001,1002,1008,1009,1006,1007,1003",123102102
1101018,1101,18,Rin (Birthday Party 2023): Part 1,,,"1006,1008,1003,1009,1001,1004,1007,1002",123110103
1101019,1101,19,Rin (Birthday Party 2023): Part 2,,,"1005,1008,1003,1001,1007,1004,1009,1006,1002",123110103
1101020,1101,20,Hanayo Birthday Celebration 2024①,,,"1005,1006",124011702
1101021,1101,21,Hanayo Birthday Celebration 2024②,,,"1008,1005,1006",124011702
1101022,1101,22,μ's winter 2024,凜: I'm home~!,profile_01001_0000,"1005,1008,1009,1002,1007,1001,1006,1003,1004",324020906
1101023,1101,23,µ's (Event 1 2024),,,"1001,1003,1005,1008,1006,1009,1002,1004,1007",324022202
1101024,1101,24,Umi(Birthday Party 2024)①,,,"1001,1003",124031502
1101025,1101,25,Umi(Birthday Party 2024)②,,,"1003,1004,1001",124031502
1101026,1101,26,Maki(Birthday Party 2024)①,,,"1005,1006,1008",324031601
1101027,1101,27,Maki(Birthday Party 2024)②,,,"1005,1003,1001,1002,1007,1004,1009,1006,1008",324031601
1101028,1101,28,µ's (Event 2 2024),,,"1004,1001,1003,1005,1007,1002,1006,1009,1008",324032902
2001001,2001,1,Chika (DM),千歌: Good evening!,profile_02001_0000,2001,1
2001002,2001,2,Chika (Birthday 2023),千歌上線了,profile_02001_0000,2001,123080104
2001003,2001,3,Chika (Birthday 2023),千歌傳送了貼圖,profile_02001_0000,2001,1
2001004,2001,16,Chika (New Year's 2024),千歌: Happy New Year!,profile_02001_0000,2001,324010149
2001005,2001,17,Chika Valentine 2024,千歌: Happy Valentine's Day!,profile_02001_0000,2001,324021443
2001007,2001,7,Chika (April 2023),千歌: Goood morning!,profile_02001_0000,2001,1
2001008,2001,8,Chika (May 2023),千歌: Agh，you'll never believe this!,profile_02001_0000,2001,1
2001009,2001,9,Chika (June 2023),千歌上線了,profile_02001_0000,2001,323060603
2001010,2001,10,Chika (July 2023),千歌: What's up?,profile_02001_0000,2001,323072108
2001011,2001,11,Chika (Summer Vacation 2023),千歌: Are you finished 與 summer homework yet?!,profile_02001_0000,2001,323081605
2001012,2001,12,Chika (September 2023),千歌傳送了貼圖,profile_02001_0000,2001,323090112
2001013,2001,13,Chika (Halloween 2023),千歌: Happy Halloween!,profile_02001_0000,2001,323103141
2001014,2001,14,Chika (November 2023),千歌: What's up?,profile_02001_0000,2001,323112104
2001015,2001,15,Chika (Christmas 2023),千歌上線了,profile_02001_0000,2001,323122421
2001018,2001,18,Chika (White Day 2024),千歌: Thanks 為 White Day gift today!,profile_02001_0000,2001,324031444
2002001,2002,1,Riko (DM),梨子: Good evening.,profile_02002_0000,2002,1
2002002,2002,2,Riko (Birthday 2023),梨子上線了,profile_02002_0000,2002,123091902
2002003,2002,3,Riko (Birthday 2023),梨子: Are you awake?,profile_02002_0000,2002,1
2002004,2002,16,Riko (New Year's 2024),梨子: Happy New Year ♪,profile_02002_0000,2002,324010150
2002005,2002,17,Riko Valentine 2024,梨子: Thanks 為 chocolate today!,profile_02002_0000,2002,324021444
2002007,2002,7,Riko (April 2023),梨子上線了,profile_02002_0000,2002,1
2002008,2002,8,Riko (May 2023),梨子: Good evening.,profile_02002_0000,2002,1
2002009,2002,9,Riko (June 2023),梨子上線了,profile_02002_0000,2002,323060504
2002010,2002,10,Riko (July 2023),梨子: Hello there!,profile_02002_0000,2002,323071302
2002011,2002,11,Riko (Summer Vacation 2023),梨子上線了,profile_02002_0000,2002,323080103
2002012,2002,12,Riko (September 2023),梨子上線了,profile_02002_0000,2002,323092904
2002013,2002,13,Riko (Halloween 2023),梨子: Do you know what 10月 31st is?,profile_02002_0000,2002,323103142
2002014,2002,14,Riko (November 2023),梨子: It's getting colder lately。Are you staying warm?,profile_02002_0000,2002,323111804
2002015,2002,15,Riko (Christmas 2023) ♪,梨子: Merry Christmas ♪,profile_02002_0000,2002,323122422
2002018,2002,18,Riko (White Day 2024),梨子: Thanks 為 White Day gift today.,profile_02002_0000,2002,324031445
2003001,2003,1,Kanan (DM),果南: Evening!,profile_02003_0000,2003,1
2003002,2003,17,Kanan (Birthday 2024),果南上線了,profile_02003_0000,2003,124021002
2003003,2003,3,Kanan (Birthday 2023),果南: Happy birthday!,profile_02003_0000,2003,1
2003004,2003,16,Kanan (New Year's 2024),果南: Happy New Year!,profile_02003_0000,2003,324010151
2003005,2003,18,Kanan Valentine 2024,果南: Happy Valentine's Day!,profile_02003_0000,2003,324021445
2003007,2003,7,Kanan (April 2023),果南: Morning!,profile_02003_0000,2003,1
2003008,2003,8,Kanan (May 2023),果南: Hey heyyy.,profile_02003_0000,2003,1
2003009,2003,9,Kanan (June 2023),果南上線了,profile_02003_0000,2003,323061305
2003010,2003,10,Kanan (July 2023),果南: This summer heat never goes away...,profile_02003_0000,2003,323072407
2003011,2003,11,Kanan (Summer Vacation 2023),果南: Hey heyyy.,profile_02003_0000,2003,323081403
2003012,2003,12,Kanan (September 2023),果南: Aw man，summer vacation is over already.,profile_02003_0000,2003,323091904
2003013,2003,13,Kanan (Halloween 2023),果南: Trick 或 treat!,profile_02003_0000,2003,323103143
2003014,2003,14,Kanan (November 2023),果南上線了,profile_02003_0000,2003,323112803
2003015,2003,15,Kanan (Christmas 2023),果南: Merry Christmas!,profile_02003_0000,2003,323122527
2003019,2003,19,Kanan (White Day 2024),果南: Thanks 為 gift today.,profile_02003_0000,2003,324031446
2004001,2004,1,Dia (DM),黛雅: Thank you 為 covering Aqours performance today.,profile_02004_0000,2004,1
2004002,2004,2,Dia (Birthday 2024),黛雅上線了,profile_02004_0000,2004,124010103
2004003,2004,3,Dia (Birthday 2023),黛雅: Apologies 為 late message.,profile_02004_0000,2004,1
2004004,2004,16,Dia (New Year's 2024),黛雅上線了,profile_02004_0000,2004,324010152
2004005,2004,17,Daiya Valentine 2024,黛雅上線了,profile_02004_0000,2004,324021446
2004007,2004,7,Dia (April 2023),黛雅上線了,profile_02004_0000,2004,1
2004008,2004,8,Dia (May 2023),黛雅: Hello.,profile_02004_0000,2004,1
2004009,2004,9,Dia (June 2023),黛雅上線了,profile_02004_0000,2004,323062203
2004010,2004,10,Dia (July 2023),黛雅上線了,profile_02004_0000,2004,323072109
2004011,2004,11,Dia (Summer Vacation 2023),黛雅上線了,profile_02004_0000,2004,323082105
2004012,2004,12,Dia (September 2023),黛雅: Do you have minute?,profile_02004_0000,2004,323091403
2004013,2004,13,Dia (Halloween 2023),黛雅: Thank you very much 為 everything today.,profile_02004_0000,2004,323103144
2004014,2004,14,Dia (November 2023),黛雅上線了,profile_02004_0000,2004,323111003
2004015,2004,15,Dia (Christmas 2023),黛雅上線了,profile_02004_0000,2004,323122528
2004018,2004,18,Dia (White Day 2024),黛雅: Thank you very much 為 returning favor 來自 Valentine's...,profile_02004_0000,2004,324031447
2005001,2005,1,You (DM),曜傳送了貼圖,profile_02005_0000,2005,1
2005003,2005,3,You (Birthday 2023),曜傳送了貼圖,profile_02005_0000,2005,1
2005004,2005,16,You (New Year's 2024),曜: Happy New Year!,profile_02005_0000,2005,324010153
2005005,2005,17,Yo Valentine 2024,Yo: thanks 為 Valentine's Day chocolates today!,profile_02005_0000,2005,324021447
2005007,2005,7,You (April 2023),曜上線了,profile_02005_0000,2005,1
2005008,2005,8,You (May 2023),曜傳送了貼圖,profile_02005_0000,2005,1
2005009,2005,9,You (June 2023),曜上線了,profile_02005_0000,2005,323061804
2005010,2005,10,You (July 2023),曜上線了,profile_02005_0000,2005,323072110
2005011,2005,11,You (Summer Vacation 2023),曜: So hot...day after day...,profile_02005_0000,2005,323082905
2005012,2005,12,You (September 2023),曜傳送了貼圖,profile_02005_0000,2005,323091203
2005013,2005,13,You (Halloween 2023),曜: Happy Halloween!,profile_02005_0000,2005,323103145
2005014,2005,14,You (November 2023),曜: Have sec 至 chat?,profile_02005_0000,2005,323112703
2005015,2005,15,You (Christmas 2023),曜上線了,profile_02005_0000,2005,323122423
2005018,2005,18,You (White Day 2024),曜: Thanks 為 White Day gift!,profile_02005_0000,2005,324031448
2006001,2006,1,Yoshiko (DM),善子: Thanks 為 coming 至 check us out today.,profile_02006_0000,2006,1
2006002,2006,2,Yoshiko (Birthday 2023),,,2006,123071302
2006003,2006,3,Yoshiko (Birthday 2023),善子: (TEMP) 使用r's birthday 善子,profile_02006_0000,2006,1
2006004,2006,16,Yoshiko (New Year's 2024),善子: Genesis comes 至 us 再次 this year.,profile_02006_0000,2006,324010154
2006005,2006,17,Yoshiko Valentine 2024,善子上線了,profile_02006_0000,2006,324021448
2006007,2006,7,Yoshiko (April 2023),善子上線了,profile_02006_0000,2006,1
2006008,2006,8,Yoshiko (May 2023),善子傳送了貼圖,profile_02006_0000,2006,1
2006009,2006,9,Yoshiko (June 2023),善子上線了,profile_02006_0000,2006,323062003
2006010,2006,10,Yoshiko (July 2023),善子: Hey，can I ask you question?,profile_02006_0000,2006,323070703
2006011,2006,11,Yoshiko (Summer Vacation 2023),善子傳送了貼圖,profile_02006_0000,2006,323081903
2006012,2006,12,Yoshiko (September 2023),善子上線了,profile_02006_0000,2006,323092504
2006013,2006,13,Yoshiko (Halloween 2023),善子上線了,profile_02006_0000,2006,323103146
2006014,2006,14,Yoshiko (November 2023),善子上線了,profile_02006_0000,2006,323112404
2006015,2006,15,Yoshiko (Christmas 2023),善子傳送了貼圖,profile_02006_0000,2006,323122529
2006018,2006,18,Yoshiko (White Day 2024),善子傳送了貼圖,profile_02006_0000,2006,324031449
2007001,2007,1,Hanamaru (DM),Hamanaru: Good evening.,profile_02007_0000,2007,1
2007003,2007,3,Hanamaru (Birthday 2023),花丸: (TEMP) 使用r's birthday 花丸,profile_02007_0000,2007,1
2007004,2007,16,Hanamaru (New Year's 2024),花丸: Happy New Year!,profile_02007_0000,2007,324010155
2007005,2007,17,Hanamaru Valentine 2024,花丸: Happy Valentine's Day!,profile_02007_0000,2007,324021449
2007007,2007,7,Hanamaru (April 2023),花丸上線了,profile_02007_0000,2007,1
2007008,2007,8,Hanamaru (May 2023),花丸: Did you go somewhere 為 Golden Week?,profile_02007_0000,2007,1
2007009,2007,9,Hanamaru (June 2023),花丸: I read paper!,profile_02007_0000,2007,323060204
2007010,2007,10,Hanamaru (July 2023),花丸: Thanks 為 bringing me ice cream!,profile_02007_0000,2007,323071003
2007011,2007,11,Hanamaru (Summer Vacation 2023),花丸: It's almost time 為 festival，huh.,profile_02007_0000,2007,323081704
2007012,2007,12,Hanamaru (September 2023),花丸: Are you free tomorrow?,profile_02007_0000,2007,323092806
2007013,2007,13,Hanamaru (Halloween 2023),花丸: Trick 或 treat!,profile_02007_0000,2007,323103147
2007014,2007,14,Hanamaru (November 2023),花丸: Kunikida sweet potato shop is open 為 business!,profile_02007_0000,2007,323111203
2007015,2007,15,Hanamaru (Christmas 2023),花丸: Merry Christmas!,profile_02007_0000,2007,323122530
2007018,2007,18,Hanamaru (Birthday 2024),花丸上線了,profile_02007_0000,2007,124030402
2007019,2007,19,Hanamaru (White Day 2024),花丸: Thanks 為 White Day gift today.,profile_02007_0000,2007,324031450
2008001,2008,1,Mari (DM),鞠莉: Ciao!,profile_02008_0000,2008,1
2008002,2008,2,Mari (Birthday 2023),鞠莉: (TEMP) 鞠莉's 生日,profile_02008_0000,2008,123061302
2008003,2008,3,Mari (Birthday 2023),鞠莉: (TEMP) 使用r's birthday 鞠莉,profile_02008_0000,2008,1
2008004,2008,16,Mari (New Year's 2024),鞠莉: Happy NEW YEAR!,profile_02008_0000,2008,324010156
2008005,2008,17,Mari Valentine 2024,鞠莉: Ciao ♡♡♡!,profile_02008_0000,2008,324021450
2008007,2008,7,Mari (April 2023),鞠莉上線了,profile_02008_0000,2008,1
2008008,2008,8,Mari (May 2023),鞠莉 sent image,profile_02008_0000,2008,1
2008009,2008,9,Mari (June 2023),鞠莉: Ciao!,profile_02008_0000,2008,323062004
2008010,2008,10,Mari (July 2023),鞠莉: Ciao♡,profile_02008_0000,2008,323070704
2008011,2008,11,Mari (Summer Vacation 2023),鞠莉: Camp was so much fun，huh!,profile_02008_0000,2008,323081003
2008012,2008,12,Mari (September 2023),鞠莉 sent image,profile_02008_0000,2008,323092106
2008013,2008,13,Mari (Halloween 2023),鞠莉上線了,profile_02008_0000,2008,323103148
2008014,2008,14,Mari (November 2023),鞠莉上線了,profile_02008_0000,2008,323111204
2008015,2008,15,Mari (Christmas 2023),鞠莉: Merry Christmas ♡,profile_02008_0000,2008,323122424
2008018,2008,18,Mari (White Day 2024),鞠莉: Thanks 為 White Day gift today!,profile_02008_0000,2008,324031451
2009001,2009,1,Ruby (DM),露比上線了,profile_02009_0000,2009,1
2009002,2009,2,Ruby (Birthday 2023),露比上線了,profile_02009_0000,2009,123092102
2009003,2009,3,Ruby (Birthday 2023),露比: (TEMP) 使用r's birthday 露比,profile_02009_0000,2009,1
2009004,2009,16,Ruby (New Year's 2024),露比: Happy New Year!,profile_02009_0000,2009,324010157
2009005,2009,17,Ruby Valentine 2024,露比: Happy Valentine's Day!,profile_02009_0000,2009,324021451
2009007,2009,7,Ruby (April 2023),露比: I went out 與 tried that cake you suggested!,profile_02009_0000,2009,1
2009008,2009,8,Ruby (May 2023),露比: Did you go somewhere 為 Golden Week?,profile_02009_0000,2009,1
2009009,2009,9,Ruby (June 2023),露比上線了,profile_02009_0000,2009,323061404
2009010,2009,10,Ruby (July 2023),露比: Hey，can I ask you something?,profile_02009_0000,2009,323070303
2009011,2009,11,Ruby (Summer Vacation 2023),露比: summer festival is tomorrow!,profile_02009_0000,2009,323081904
2009012,2009,12,Ruby (September 2023),露比 sent image,profile_02009_0000,2009,323092403
2009013,2009,13,Ruby (Halloween 2023),露比: Happy Halloween！♡,profile_02009_0000,2009,323103149
2009014,2009,14,Ruby (November 2023),露比: Those sweet potatoes were tasty!,profile_02009_0000,2009,323110604
2009015,2009,15,Ruby (Christmas 2023),露比: What should I do?,profile_02009_0000,2009,323122531
2009018,2009,18,Ruby (White Day 2024),露比傳送了貼圖,profile_02009_0000,2009,324031452
2101001,2101,1,Aqours,千歌: This is 千歌!,profile_02001_0000,"2001,2005,2002,2006,2007,2004,2009,2008,2003",1
2101002,2101,2,Mari (Birthday Party 2023): Part 1,,,"2003,2004,2008",123061302
2101003,2101,3,Mari (Birthday Party 2023): Part 2,,,"2003,2004,2008",123061302
2101004,2101,4,Aqours (Event Prep 2023),千歌: event's getting closer！Sooo excited!,profile_02001_0000,"2001,2002,2005,2003,2008,2006,2007,2009,2004",323062007
2101005,2101,5,Yoshiko (Birthday Party 2023): Part 1,,,"2001,2006,2002,2004,2005,2008,2003,2007,2009",123071302
2101006,2101,6,Yoshiko (Birthday Party 2023): Part 2,,,"2001,2005,2006,2003,2007,2002,2008,2009,2004",123071302
2101007,2101,7,Chika (Birthday Party 2023): Part 1,,,"2002,2005",123080104
2101008,2101,8,Chika (Birthday Party 2023): Part 2,,,"2001,2005,2006,2008,2007,2009,2003,2002,2004",123080104
2101009,2101,9,Aqours (Summer 2023),花丸: I'm sick 的 somen noodles，zura.,profile_02001_0000,"2007,2001,2009,2008,2004,2006,2002,2005,2003",323081108
2101010,2101,10,Riko (Birthday Party 2023): Part 1,,,"2005,2002",123091902
2101011,2101,11,Riko (Birthday Party 2023): Part 2,,,"2002,2001,2005,2003,2008,2004,2006,2007,2009",123091902
2101012,2101,12,Aqours (Fall 2023),果南: Do you guys like satsuma-imo?,profile_02001_0000,"2003,2009,2006,2008,2001,2002,2005,2004,2007",323091906
2101013,2101,13,Ruby (Birthday Party 2023): Part 1,,,"2007,2006,2009",123092102
2101014,2101,14,Ruby (Birthday Party 2023): Part 2,,,"2009,2006,2007",123092102
2101015,2101,15,"Aqours (October 7, 2023)",千歌: Hey hey，did everyone watch dance video I sent？Any thoughts?,profile_02001_0000,"2001,2006,2007,2003,2004,2008,2009,2002,2005",323100704
2101016,2101,16,Aqours Half Anniversary,,,"2001,2005,2002,2008,2003,2007,2006,2009,2004",323101504
2101017,2101,17,Aqours (Winter 2023),黛雅: How is everyone doing?,profile_02001_0000,"2004,2001,2005,2003,2008,2006,2007,2009,2002",323122307
2101018,2101,18,Dia (Birthday Party 2024) Part 1,,,"2008,2003,2004",124010103
2101019,2101,19,Dia (Birthday Party 2024) Part 2,,,"2001,2005,2002,2007,2006,2008,2003,2009,2004",124010103
2101020,2101,20,Kanan (Birthday Party 2024): Part 1,,,"2008,2004",124021002
2101021,2101,21,Kanan (Birthday Party 2024): Part 2,,,"2003,2008,2004",124021002
2101022,2101,22,Hanamaru (Birthday Party 2024) Part 1,,,"2009,2006",124030402
2101023,2101,23,Hanamaru (Birthday Party 2024) Part 2,,,"2007,2009,2006,2001,2005,2008,2002,2003,2004",124030402
2101024,2101,24,event 2024,,,"2007,2006,2008,2009,2003,2004,2001,2005,2002",324030802
2101025,2101,25,You (Birthday Party 2024) Part 1,,,"2001,2005",324031602
2101026,2101,26,You (Birthday Party 2024) Part 2,,,"2002,2008,2003,2009,2001,2006,2007,2004,2005",324031602
2101027,2101,27,Aqours (Spring 2024),,,"2002,2005,2003,2004,2006,2001,2008,2009,2007",324032302
3001001,3001,1,Ayumu (DM),步夢上線了,profile_03001_0000,3001,1
3001003,3001,3,Ayumu (Birthday 2023),步夢: Good evening!,profile_03001_0000,3001,1
3001004,3001,16,Ayumu (New Year's 2024),步夢: Happy New Year!,profile_03001_0000,3001,324010158
3001005,3001,17,Valentine 2024,步夢: Happy Valentine's Day!,profile_03001_0000,3001,324021452
3001007,3001,7,Ayumu (April 2023),步夢上線了,profile_03001_0000,3001,1
3001008,3001,8,Ayumu (May 2023),步夢上線了,profile_03001_0000,3001,1
3001009,3001,9,Ayumu (June 2023),步夢傳送了貼圖,profile_03001_0000,3001,323062403
3001010,3001,10,Ayumu (July 2023),步夢上線了,profile_03001_0000,3001,323072804
3001011,3001,11,Ayumu (Summer Vacation 2023),步夢上線了,profile_03001_0000,3001,323081803
3001012,3001,12,Ayumu (September 2023),步夢: Hey-hey!,profile_03001_0000,3001,323090803
3001013,3001,13,Ayumu (Halloween 2023),步夢: I made some Halloween sweets today!,profile_03001_0000,3001,323103150
3001014,3001,14,Ayumu (November 2023),步夢: Good evening!,profile_03001_0000,3001,323113003
3001015,3001,15,Ayumu (Christmas 2023),步夢: Merry Christmas!,profile_03001_0000,3001,323122532
3001018,3001,18,Ayumu (Birthday 2024),步夢上線了,profile_03001_0000,3001,124030103
3001019,3001,19,Ayumu (White Day 2024),步夢上線了,profile_03001_0000,3001,324031453
3002001,3002,1,Kasumi (DM),霞: 中須霞 here！Thanks bunch 為 interview!,profile_03002_0000,3002,1
3002002,3002,2,Kasumi Birthday 2024,霞上線了,profile_03002_0000,3002,124012302
3002003,3002,3,Kasumi (Birthday 2023),霞: Today is YOUR day!<br>Happy birthday 至 you!,profile_03002_0000,3002,1
3002004,3002,16,Kasumi (New Year's 2024),霞: Happy New Year!,profile_03002_0000,3002,324010159
3002005,3002,17,Kasumi Valentine 2024,霞: Kasumin quiz!,profile_03002_0000,3002,324021453
3002007,3002,7,Kasumi (April 2023),霞: Gonna be nice out today!,profile_03002_0000,3002,1
3002008,3002,8,Kasumi (May 2023),霞: Newsiiie!,profile_03002_0000,3002,1
3002009,3002,9,Kasumi (June 2023),霞上線了,profile_03002_0000,3002,323062603
3002010,3002,10,Kasumi (July 2023),霞: Newsiiie!,profile_03002_0000,3002,323072702
3002011,3002,11,Kasumi (Summer Vacation 2023),霞: Newsie！Thanks 為 those pictures 的 us at water park!,profile_03002_0000,3002,323081404
3002012,3002,12,Kasumi (September 2023),霞: Summer vacation is over，與 I'm sad.,profile_03002_0000,3002,323090304
3002013,3002,13,Kasumi (Halloween 2023),霞: Happy Halloween!!!,profile_03002_0000,3002,323103151
3002014,3002,14,Kasumi (November 2023),霞: Heyyyyyy!,profile_03002_0000,3002,323112004
3002015,3002,15,Kasumi (Christmas 2023),霞: Merry Christmas!,profile_03002_0000,3002,323122533
3002018,3002,18,Kasumi (White Day 2024),霞: Newsieee!,profile_03002_0000,3002,324031454
3003001,3003,1,Shizuku (DM),雫: Hello.,profile_03003_0000,3003,1
3003003,3003,3,Shizuku (Birthday 2023),雫: I'd like 至 wish you happy birthday.,profile_03003_0000,3003,1
3003004,3003,16,Shizuku (New Year's 2024),雫: Happy New Year 至 you!,profile_03003_0000,3003,324010160
3003005,3003,17,Shizuku Valentine 2024,雫: Today is day you're coming 至 虹咲 High School 為 interview，right?,profile_03003_0000,3003,324021454
3003007,3003,7,Shizuku (April 2023),雫上線了,profile_03003_0000,3003,1
3003008,3003,8,Shizuku (May 2023),雫上線了,profile_03003_0000,3003,1
3003009,3003,9,Shizuku (June 2023),雫上線了,profile_03003_0000,3003,323062404
3003010,3003,10,Shizuku (July 2023),雫上線了,profile_03003_0000,3003,323072805
3003011,3003,11,Shizuku (Summer Vacation 2023),雫: Take look at this!,profile_03003_0000,3003,323082603
3003012,3003,12,Shizuku (September 2023),雫上線了,profile_03003_0000,3003,323090604
3003013,3003,13,Shizuku (Halloween 2023),雫: Happy Halloween!,profile_03003_0000,3003,323103152
3003014,3003,14,Shizuku (November 2023),雫上線了,profile_03003_0000,3003,323111004
3003015,3003,15,Shizuku (Christmas 2023),雫: Merry Christmas!,profile_03003_0000,3003,323122534
3003018,3003,18,Shizuku (White Day 2024),雫: Thank you so much 為 inviting me today!,profile_03003_0000,3003,324031455
3004001,3004,1,Karin (DM),果林上線了,profile_03004_0000,3004,1
3004002,3004,2,Karin (Birthday 2023),果林上線了,profile_03004_0000,3004,123062902
3004003,3004,3,Karin (Birthday 2023),果林: Happy birthday!,profile_03004_0000,3004,1
3004004,3004,16,Karin (New Year's 2024),果林: Happy New Year,profile_03004_0000,3004,324010161
3004005,3004,17,Karin Valentine 2024,果林: Happy Valentine's Day!,profile_03004_0000,3004,324021455
3004007,3004,7,Karin (April 2023),果林上線了,profile_03004_0000,3004,1
3004008,3004,8,Karin (May 2023),果林上線了,profile_03004_0000,3004,1
3004009,3004,9,Karin (June 2023),果林上線了,profile_03004_0000,3004,323060505
3004010,3004,10,Karin (July 2023),果林上線了,profile_03004_0000,3004,323072806
3004011,3004,11,Karin (Summer Vacation 2023),果林上線了,profile_03004_0000,3004,323082906
3004012,3004,12,Karin (September 2023),果林上線了,profile_03004_0000,3004,323090113
3004013,3004,13,Karin (Halloween 2023),果林: Happy Halloween!,profile_03004_0000,3004,323103153
3004014,3004,14,Karin (November 2023),果林上線了,profile_03004_0000,3004,323113004
3004015,3004,15,Karin (Christmas 2023),果林上線了,profile_03004_0000,3004,323122535
3004018,3004,18,Karin (White Day 2024),果林上線了,profile_03004_0000,3004,324031456
3005001,3005,1,Ai (DM),愛: Yoo-hoo！宮下愛 here!,profile_03005_0000,3005,1
3005002,3005,2,Ai (Birthday 2023),愛上線了,profile_03005_0000,3005,123053002
3005003,3005,3,Ai (Birthday 2023),愛傳送了貼圖,profile_03005_0000,3005,1
3005004,3005,16,Ai (New Year's 2024),愛: Hey，Happy New Year!,profile_03005_0000,3005,324010162
3005005,3005,17,Ai Valentine 2024,愛: Happy Valentine's Day!,profile_03005_0000,3005,324021456
3005007,3005,7,Ai (April 2023),愛上線了,profile_03005_0000,3005,1
3005008,3005,8,Ai (May 2023),愛: FINALLY！ big break is here!,profile_03005_0000,3005,1
3005009,3005,9,Ai (June 2023),愛: I bought most adorable umbrella!,profile_03005_0000,3005,323060902
3005010,3005,10,Ai (July 2023),愛: Summer！Yay!!!,profile_03005_0000,3005,323072009
3005011,3005,11,Ai (Summer Vacation 2023),愛: Hey，are you like，completely fine 與 haunted houses 與 stuff?,profile_03005_0000,3005,323081004
3005012,3005,12,Ai (September 2023),愛上線了,profile_03005_0000,3005,323090114
3005013,3005,13,Ai (Halloween 2023),愛: Happy Halloween!!!,profile_03005_0000,3005,323103154
3005014,3005,14,Ai (November 2023),愛: Want 至 come see me practice?,profile_03005_0000,3005,323112204
3005015,3005,15,Ai (Christmas 2023),愛: Merry Xmas!,profile_03005_0000,3005,323122536
3005018,3005,18,Ai (White Day 2024),愛上線了,profile_03005_0000,3005,324031457
3006001,3006,1,Kanata (DM),彼方上線了,profile_03006_0000,3006,1
3006002,3006,2,Kanata: (Birthday 2023),彼方上線了,profile_03006_0000,3006,123121602
3006003,3006,3,Kanata (Birthday 2023),彼方: Haaappy birthdaaay!,profile_03006_0000,3006,1
3006004,3006,16,Kanata (New Year's 2024),彼方: Happy New Year!,profile_03006_0000,3006,324010163
3006005,3006,17,Kanata Valentine 2024,彼方: Today is Valentine's Day!,profile_03006_0000,3006,324021457
3006007,3006,7,Kanata (April 2023),彼方上線了,profile_03006_0000,3006,1
3006008,3006,8,Kanata (May 2023),彼方上線了,profile_03006_0000,3006,1
3006009,3006,9,Kanata (June 2023),彼方上線了,profile_03006_0000,3006,323061103
3006010,3006,10,Kanata (July 2023),"彼方: So hey,",profile_03006_0000,3006,323072111
3006011,3006,11,Kanata (Summer Vacation 2023),彼方: 'cuse me！Question!,profile_03006_0000,3006,323082604
3006012,3006,12,Kanata (September 2023),彼方上線了,profile_03006_0000,3006,323091503
3006013,3006,13,Kanata (Halloween 2023),彼方: Sleeepy Halloweeen!,profile_03006_0000,3006,323103155
3006014,3006,14,Kanata (November 2023),彼方: It's perfect weather!,profile_03006_0000,3006,323112804
3006015,3006,15,Kanata (Christmas 2023),彼方: Merry Xmas!,profile_03006_0000,3006,323122537
3006018,3006,18,Kanata (White Day 2024),彼方上線了,profile_03006_0000,3006,324031458
3007001,3007,1,Setsuna (DM),雪菜上線了,profile_03007_0000,3007,1
3007002,3007,2,Setsuna (Birthday 2023),雪菜上線了,profile_03007_0000,3007,123080802
3007003,3007,3,Setsuna (Birthday 2023),雪菜: very happy birthday 至 you!,profile_03007_0000,3007,1
3007004,3007,16,Setsuna (New Year's 2024),雪菜: Hello 與 Happy New Year 至 you!,profile_03007_0000,3007,324010164
3007005,3007,17,Setsuna Valentine 2024,雪菜: Hello!,profile_03007_0000,3007,324021458
3007007,3007,7,Setsuna (April 2023),雪菜: It was so chilly not that long ago，but it's really warmed up now.,profile_03007_0000,3007,1
3007008,3007,8,Setsuna (May 2023),雪菜上線了,profile_03007_0000,3007,1
3007009,3007,9,Setsuna (June 2023),雪菜上線了,profile_03007_0000,3007,323062703
3007010,3007,10,Setsuna (July 2023),雪菜: Good morning!,profile_03007_0000,3007,323072304
3007011,3007,11,Setsuna (Summer Vacation 2023),雪菜: It's hot 再次 today.,profile_03007_0000,3007,323081804
3007012,3007,12,Setsuna (September 2023),雪菜: It sure is hot 為 9月.,profile_03007_0000,3007,323091703
3007013,3007,13,Setsuna (Halloween 2023),雪菜: Happy Halloween!,profile_03007_0000,3007,323103156
3007014,3007,14,Setsuna (November 2023),雪菜: It's getting real chilly lately.,profile_03007_0000,3007,323110804
3007015,3007,15,Setsuna (Christmas 2023),雪菜: Merry Christmas!,profile_03007_0000,3007,323122538
3007018,3007,18,Setsuna (White Day 2024),雪菜上線了,profile_03007_0000,3007,324031459
3008001,3008,1,Emma (DM),艾瑪上線了,profile_03008_0000,3008,1
3008002,3008,17,Ema Birthday 2024,艾瑪上線了,profile_03008_0000,3008,124020502
3008003,3008,3,Emma (Birthday 2023),艾瑪: Happy birthday!,profile_03008_0000,3008,1
3008004,3008,16,Emma (New Year's 2024),艾瑪: Happy New Year!,profile_03008_0000,3008,324010165
3008005,3008,18,Ema Valentine 2024,艾瑪: Hey，hey,profile_03008_0000,3008,324021459
3008007,3008,7,Emma (April 2023),艾瑪: weather's nice 與 warm now!,profile_03008_0000,3008,1
3008008,3008,8,Emma (May 2023),艾瑪上線了,profile_03008_0000,3008,1
3008009,3008,9,Emma (June 2023),艾瑪上線了,profile_03008_0000,3008,323061306
3008010,3008,10,Emma (July 2023),艾瑪: It's summer vacation，after all!!,profile_03008_0000,3008,323072010
3008011,3008,11,Emma (Summer Vacation 2023),艾瑪: discovery 為 ages!,profile_03008_0000,3008,323081104
3008012,3008,12,Emma (September 2023),艾瑪: Aw，man。 hurricane's here.,profile_03008_0000,3008,323092404
3008013,3008,13,Emma (Halloween 2023),艾瑪: Happy Halloween!!,profile_03008_0000,3008,323103157
3008014,3008,14,Emma (November 2023),艾瑪: It's time 為 sweet potato party!,profile_03008_0000,3008,323112604
3008015,3008,15,Emma (Christmas 2023),艾瑪: Merry Christmas!!!,profile_03008_0000,3008,323122539
3008019,3008,19,Emma (White Day 2024),艾瑪上線了,profile_03008_0000,3008,324031460
3009001,3009,1,Rina (DM),璃奈上線了,profile_03009_0000,3009,1
3009002,3009,2,Rina: (Birthday 2023),璃奈上線了,profile_03009_0000,3009,123111302
3009003,3009,3,Rina (Birthday 2023),璃奈: Happy birthday 至 you!,profile_03009_0000,3009,1
3009004,3009,16,Rina (New Year's 2024),璃奈: Happy New Year,profile_03009_0000,3009,324010166
3009005,3009,17,Rina Valentine 2024,璃奈: Today is Valentine's Day!,profile_03009_0000,3009,324021460
3009007,3009,7,Rina (April 2023),璃奈: It's so nice 與 warm out now.,profile_03009_0000,3009,1
3009008,3009,8,Rina (May 2023),璃奈: Are you busy 期間 Golden Week?,profile_03009_0000,3009,1
3009009,3009,9,Rina (June 2023),璃奈上線了,profile_03009_0000,3009,323060805
3009010,3009,10,Rina (July 2023),璃奈上線了,profile_03009_0000,3009,323072011
3009011,3009,11,Rina (Summer Vacation 2023),璃奈: We're all at beach.,profile_03009_0000,3009,323081105
3009012,3009,12,Rina (September 2023),璃奈: Wanna go out 期間 our autumn break?,profile_03009_0000,3009,323091504
3009013,3009,13,Rina (Halloween 2023),璃奈上線了,profile_03009_0000,3009,323103158
3009014,3009,14,Rina (November 2023),璃奈上線了,profile_03009_0000,3009,323112704
3009015,3009,15,Rina (Christmas 2023),璃奈: Merry Christmas!,profile_03009_0000,3009,323122540
3009018,3009,18,Rina (White Day 2024),璃奈上線了,profile_03009_0000,3009,324031461
3010001,3010,1,Shioriko (DM),栞子: Thank you very much 為 coming...,profile_03010_0000,3010,1
3010002,3010,2,Shioriko (Birthday 2023),栞子上線了,profile_03010_0000,3010,123100502
3010003,3010,3,Shioriko (Birthday 2023),(TEMP) 栞子 birthday message 至 player,profile_03010_0000,3010,1
3010004,3010,16,Shioriko (New Year's 2024),栞子: Happy New Year 至 you,profile_03010_0000,3010,324010167
3010005,3010,17,Shioriko Valentine 2024,栞子: Hello!,profile_03010_0000,3010,324021461
3010007,3010,7,Shioriki (April 2023),栞子: (TEMP) 栞子 4月 event chat,profile_03010_0000,3010,1
3010008,3010,8,Shioriko (May 2023),栞子: (TEMP) 栞子 5月 event chat,profile_03010_0000,3010,1
3010009,3010,9,Shioriko (June 2023),栞子: (TEMP) 栞子 6月 event chat,profile_03010_0000,3010,323060404
3010010,3010,10,Shioriko (July 2023),栞子: (TEMP) 栞子 7月 event chat,profile_03010_0000,3010,323072408
3010011,3010,11,Shioriko (Summer Vacation 2023),栞子: (TEMP) 栞子 8月 event chat,profile_03010_0000,3010,323081606
3010012,3010,12,Shioriko (September 2023),栞子上線了,profile_03010_0000,3010,323090804
3010013,3010,13,Shioriko (Halloween 2023),栞子上線了,profile_03010_0000,3010,323103159
3010014,3010,14,Shioriko (November 2023),栞子: Could I get 你的opinion on something?,profile_03010_0000,3010,323111503
3010015,3010,15,Shioriko (Christmas 2023),栞子: Merry Christmas!,profile_03010_0000,3010,323122541
3010018,3010,18,Shioriko (White Day 2024),栞子: Thank you so much 為 gift!,profile_03010_0000,3010,324031462
3011001,3011,1,Mia (DM),米雅: Hey，thanks 為 coming 至 our show.,profile_03011_0000,3011,1
3011002,3011,2,Mia (Birthday 2023),米雅上線了,profile_03011_0000,3011,123120602
3011003,3011,3,Mia (Birthday 2023),(TEMP) 米雅 birthday message 至 player,profile_03011_0000,3011,1
3011004,3011,16,Mia (New Year's 2024),米雅上線了,profile_03011_0000,3011,324010168
3011005,3011,17,Mia Valentine 2024,米雅: I'm giving you gift today,profile_03011_0000,3011,324021462
3011007,3011,7,Mia (April 2023),米雅: (TEMP) 米雅 4月 event chat,profile_03011_0000,3011,1
3011008,3011,8,Mia (May 2023),米雅: (TEMP) 米雅 5月 event chat,profile_03011_0000,3011,1
3011009,3011,9,Mia (June 2023),米雅: (TEMP) 米雅 6月 event chat,profile_03011_0000,3011,323062704
3011010,3011,10,Mia (July 2023),米雅: (TEMP) 米雅 7月 event chat,profile_03011_0000,3011,323070304
3011011,3011,11,Mia (Summer Vacation 2023),米雅: (TEMP) 米雅 8月 event chat,profile_03011_0000,3011,323080603
3011012,3011,12,Mia (September 2023),米雅上線了,profile_03011_0000,3011,323091204
3011013,3011,13,Mia (Halloween 2023),米雅: Happy Halloween!!,profile_03011_0000,3011,323103160
3011014,3011,14,Mia (November 2023),米雅: I went 至 look at fall colors!,profile_03011_0000,3011,323112405
3011015,3011,15,Mia (Christmas 2023),米雅上線了,profile_03011_0000,3011,323122542
3011018,3011,18,Mia (White Day 2024),米雅: Hi.,profile_03011_0000,3011,324031463
3012001,3012,1,Lanzhu (DM),嵐珠: It's 嵐珠!,profile_03012_0000,3012,1
3012002,3012,18,Lanzhu (Birthday 2024),嵐珠上線了,profile_03012_0000,3012,124021502
3012003,3012,3,Lanzhu (Birthday 2023),(TEMP) 嵐珠 birthday message 至 player,profile_03012_0000,3012,1
3012004,3012,16,Lanzhu (New Year's 2024),嵐珠: Xin Nian Kuai Le!,profile_03012_0000,3012,324010169
3012005,3012,17,Lanzhu (Valentine's 2024),嵐珠: Today is Valentine's Day.,profile_03012_0000,3012,324021463
3012007,3012,7,Lanzhu (April 2023),嵐珠: (TEMP) 嵐珠 4月 event chat,profile_03012_0000,3012,1
3012008,3012,8,Lanzhu (May 2023),嵐珠: (TEMP) 嵐珠 5月 event chat,profile_03012_0000,3012,1
3012009,3012,9,Lanzhu (June 2023),嵐珠: (TEMP) 嵐珠 6月 event chat,profile_03012_0000,3012,323060704
3012010,3012,10,Lanzhu (July 2023),嵐珠: (TEMP) 嵐珠 7月 event chat,profile_03012_0000,3012,323072112
3012011,3012,11,Lanzhu (Summer Vacation 2023),嵐珠: (TEMP) 嵐珠 8月 event chat,profile_03012_0000,3012,323082004
3012012,3012,12,Lanzhu (September 2023),嵐珠: (TEMP) 嵐珠 9月 event chat,profile_03012_0000,3012,323090115
3012013,3012,13,Lanzhu (Halloween 2023),嵐珠: 万圣节快乐!!,profile_03012_0000,3012,323103161
3012014,3012,14,Lanzhu (November 2023),嵐珠上線了,profile_03012_0000,3012,323112406
3012015,3012,15,Lanzhu (Christmas 2023),嵐珠: Shengdan Jie Kuai Le!,profile_03012_0000,3012,323122543
3012019,3012,19,Lanzhu (White Day 2024),嵐珠上線了,profile_03012_0000,3012,324031464
3099001,3099,1,Yu (Summer Festival 2023),,,3099,323082802
3099002,3099,2,Yu (Joint Festival 2023),,,3099,323120802
3101001,3101,1,Nijigasaki,嵐珠: Ni hao!<br>Hi everyone!,profile_03001_0000,"3001,3002,3006,3005,3007,3009,3012,3010,3011,3008,3004,3003,3099",1
3101002,3101,2,Nijigasaki (Spring 2023),愛: Ay yi yi!,profile_03001_0000,"3005,3099,3003,3002,3008,3006,3001,3007,3012,3010,3011,3009,3004",1
3101003,3101,3,Ai (Birthday Party 2023): Part 1,,,"3001,3004,3009,3010,3099",123053002
3101004,3101,4,Ai (Birthday Party 2023): Part 2,,,"3001,3002,3003,3004,3005,3006,3007,3008,3009,3010,3011,3012,3099",123053002
3101005,3101,5,Nijigasaki (Event Prep 2023),,,"3003,3005,3001,3007,3010,3012,3011,3009,3099,3002,3006,3008,3004",323061806
3101006,3101,6,Karin (Birthday Party 2023): Part 1,,,"3004,3008,3011,3012",123062902
3101007,3101,7,Karin (Birthday Party 2023): Part 2,,,"3001,3002,3003,3004,3005,3006,3007,3008,3009,3010,3011,3012,3099",123062902
3101008,3101,8,Nijigasaki (Summer 2023),,,"3012,3099,3010,3006,3001,3002,3003,3009,3008,3011,3007,3004,3005",323071304
3101009,3101,9,Setsuna (Birthday Party 2023): Part 1,,,"3002,3099,3005,3008,3006,3012,3003,3009,3001,3010,3011,3004",123080802
3101010,3101,10,Setsuna (Birthday Party 2023): Part 2,,,"3007,3002,3008,3005,3099,3012,3011,3001,3009,3006,3010,3004,3003",123080802
3101011,3101,11,Nijigasaki (Summer Festival 2023),,,"3099,3012,3002,3006,3008,3009,3001",323082606
3101012,3101,12,Nijigasaki (Fall 2023),栞子: Would you like 至 start book club 與 me?,profile_03001_0000,"3010,3004,3008,3003,3002,3006,3009,3011,3012,3099,3001,3005,3007",323091206
3101013,3101,13,Shioriko (Birthday Party 2023): Part 1,,,"3099,3002,3009,3005,3012,3008,3007,3010,3006,3004,3003,3011,3001",123100502
3101014,3101,14,Shioriko (Birthday Party 2023): Part 2,,,"3005,3006,3012,3010,3002,3001,3011,3004,3007,3008,3003,3009,3099",123100502
3101015,3101,15,Nijigasaki Half Anniversary,,,"3099,3005,3004,3007,3010,3009,3011,3002,3012,3003,3008,3001,3006",323101403
3101016,3101,16,Rina (Birthday Party 2023): Part 1,,,"3005,3011,3099,3009",123111302
3101017,3101,17,Rina: (Birthday Party 2023): Part 2,,,"3009,3099,3005,3011",123111302
3101018,3101,18,"Nijigasaki (November 21, 2023)",霞: Hey，everyone!,profile_03001_0000,"3002,3006,3005,3099,3003,3009,3008,3011,3012,3010,3001,3004,3007",323112106
3101019,3101,19,Mia (Birthday Party 2023): Part 1,,,"3009,3011,3005",123120602
3101020,3101,20,Mia (Birthday Party 2023): Part 2,,,"3011,3005,3009",123120602
3101021,3101,21,Kanata (Birthday Party 2023) Part 1,,,"3008,3011,3003,3012,3009,3004,3002,3007,3001,3005,3099,3010",123121602
3101022,3101,22,Kanata (Birthday Party 2023) Part 2,,,"3006,3099,3003,3002,3001,3011,3009,3004,3005,3010,3007,3012,3008",123121602
3101023,3101,23,Nijigasaki Love Song by Me,,,"3099,3002,3007,3006,3003,3011,3004,3012,3008,3009,3001,3010",323122202
3101024,3101,24,Nijigasaki (Winter 2023),嵐珠: What do you want 當 it gets cold?,profile_03001_0000,"3012,3006,3011,3005,3009,3007,3004,3010,3099,3001,3003,3002,3008",323122308
3101025,3101,25,Kasumi Birthday Celebration 2024①,,,"3002,3004",124012302
3101026,3101,26,Kasumi Birthday Celebration 2024②,,,"3002,3005,3007,3001,3003,3006,3010,3009,3011,3012,3099,3008,3004",124012302
3101027,3101,27,Ema Birthday Celebration 2024①,,,"3008,3006",124020502
3101028,3101,28,Ema Birthday Celebration 2024②,,,"3008,3006",124020502
3101029,3101,29,Lanzhu (Birthday Party 2024): Part 1,,,"3012,3005,3010,3004,3009,3007,3008,3001,3003,3002,3006,3099,3011",124021502
3101030,3101,30,Lanzhu (Birthday Party 2024): Part 2,,,"3012,3004,3007,3008,3011,3002,3003,3010,3009,3006,3001,3005,3099",124021502
3101031,3101,31,Ayumu (Birthday Party 2024): Part 1,,,"3001,3010",124030103
3101032,3101,32,Ayumu (Birthday Party 2024): Part 2,,,"3001,3010",124030103
3101033,3101,33,Shizuku (Birthday Party 2024): Part 1,,,"3007,3003",324031603
3101034,3101,34,Shizuku (Birthday Party 2024): Part 2,,,"3007,3099,3005,3002,3009,3012,3004,3011,3008,3001,3006,3010,3003",324031603
4001001,4001,1,Kanon (DM),香音: Good morning!,profile_04001_0000,4001,1
4001002,4001,2,Kanon (Birthday 2023),香音上線了,profile_04001_0000,4001,1
4001003,4001,3,Kanon (Birthday 2023),香音: Can we chat real quick?,profile_04001_0000,4001,1
4001004,4001,16,Kanon (New Year's 2024),香音: Happy New Year!,profile_04001_0000,4001,324010170
4001005,4001,17,Kanon Valentine 2024,香音: I sent you stamp!,profile_04001_0000,4001,324021003
4001007,4001,7,Kanon (April 2023),香音: Good morning!,profile_04001_0000,4001,1
4001008,4001,8,Kanon (May 2023),香音: Heyo!,profile_04001_0000,4001,1
4001009,4001,9,Kanon (June 2023),香音: Thanks 為 that special feature on Liella!,profile_04001_0000,4001,323061004
4001010,4001,10,Kanon (July 2023),香音上線了,profile_04001_0000,4001,323072012
4001011,4001,11,Kanon (Summer Vacation 2023),香音: I'm hot...,profile_04001_0000,4001,323080104
4001012,4001,12,Kanon (September 2023),香音: Heyo!,profile_04001_0000,4001,323090116
4001013,4001,13,Kanon (Halloween 2023),香音: Trick 或 treat!,profile_04001_0000,4001,323102508
4001014,4001,14,Kanon (November 2023),香音: I'm back!,profile_04001_0000,4001,323110109
4001015,4001,15,Kanon (Christmas 2023),香音: Merry Christmas!,profile_04001_0000,4001,323122303
4001018,4001,18,Kanon (White Day 2024),香音: Hello there!,profile_04001_0000,4001,324031004
4002001,4002,1,Keke (DM),可可傳送了貼圖,profile_04002_0000,4002,1
4002002,4002,2,Keke (Birthday 2023),可可上線了,profile_04002_0000,4002,123071702
4002003,4002,3,Keke (Birthday 2023),可可傳送了貼圖,profile_04002_0000,4002,1
4002004,4002,16,Keke (New Year's 2024),可可: Hey，Hey，Happy New Year!,profile_04002_0000,4002,324010171
4002005,4002,17,Keke (Valentine's 2024),可可: Happy Valentine's!,profile_04002_0000,4002,324021464
4002007,4002,7,Keke (April 2023),可可 sent image,profile_04002_0000,4002,1
4002008,4002,8,Keke (May 2023),可可: How are you this fine evening?,profile_04002_0000,4002,1
4002009,4002,9,Keke (June 2023),可可上線了,profile_04002_0000,4002,323060102
4002010,4002,10,Keke (July 2023),可可: It's starting!,profile_04002_0000,4002,323072013
4002011,4002,11,Keke (Summer Vacation 2023),可可上線了,profile_04002_0000,4002,323082404
4002012,4002,12,Keke (September 2023),可可傳送了貼圖,profile_04002_0000,4002,323091404
4002013,4002,13,Keke (Halloween 2023),可可: Trick 或 treat!,profile_04002_0000,4002,323102509
4002014,4002,14,Keke (November 2023),可可: How are you this fine evening?,profile_04002_0000,4002,323110110
4002015,4002,15,Keke (Christmas 2023),可可: Merry Christmas!,profile_04002_0000,4002,323122544
4002018,4002,18,Keke (White Day 2024),可可: How are you this fine evening?,profile_04002_0000,4002,324031103
4003001,4003,1,Chisato (DM),千砂都: Heyo!,profile_04003_0000,4003,1
4003002,4003,18,Chisato (Birthday 2024),千砂都上線了,profile_04003_0000,4003,124022502
4003003,4003,3,Chisato (Birthday 2023),千砂都: Heyo!,profile_04003_0000,4003,1
4003004,4003,16,Chisato (New Year's 2024),千砂都: Heyooo!,profile_04003_0000,4003,324010172
4003005,4003,17,Chisato Valentine 2024,千砂都: Heyooo!,profile_04003_0000,4003,324020903
4003007,4003,7,Chisato (April 2023),千砂都: Morning!,profile_04003_0000,4003,1
4003008,4003,8,Chisato (May 2023),千砂都: Heyooo!,profile_04003_0000,4003,1
4003009,4003,9,Chisato (June 2023),千砂都上線了,profile_04003_0000,4003,323061104
4003010,4003,10,Chisato (July 2023),千砂都上線了,profile_04003_0000,4003,323071804
4003011,4003,11,Chisato (Summer Vacation 2023),千砂都上線了,profile_04003_0000,4003,323081106
4003012,4003,12,Chisato (September 2023),千砂都: Heyooo!,profile_04003_0000,4003,323090117
4003013,4003,13,Chisato (Halloween 2023),千砂都上線了,profile_04003_0000,4003,323103162
4003014,4003,14,Chisato (November 2023),千砂都: Heyooo!,profile_04003_0000,4003,323110111
4003015,4003,15,Chisato (Christmas 2023),千砂都: Merry Christmas!,profile_04003_0000,4003,323122545
4003019,4003,19,Chisato (White Day 2024),千砂都: Happy White Day!,profile_04003_0000,4003,324031465
4004001,4004,1,Sumire (DM),堇: Hello.,profile_04004_0000,4004,1
4004002,4004,2,Sumire (Birthday 2023),堇上線了,profile_04004_0000,4004,123092802
4004003,4004,3,Sumire (Birthday 2023),堇: Are you still awake 透過 any 機率?,profile_04004_0000,4004,1
4004004,4004,16,Sumire (New Year's 2024),堇: Happy New Year!,profile_04004_0000,4004,324010173
4004005,4004,17,Sumire Valentine 2024,堇: Hello,profile_04004_0000,4004,324021465
4004007,4004,7,Sumire (April 2023),堇上線了,profile_04004_0000,4004,1
4004008,4004,8,Sumire (May 2023),堇上線了,profile_04004_0000,4004,1
4004009,4004,9,Sumire (June 2023),堇: Hey，can I ask you question?,profile_04004_0000,4004,323062902
4004010,4004,10,Sumire (July 2023),堇: Summer vacation is finally here.,profile_04004_0000,4004,323072014
4004011,4004,11,Sumire (Summer Vacation 2023),堇: It's been so hot lately.,profile_04004_0000,4004,323082106
4004012,4004,12,Sumire (September 2023),堇: How're you doing?,profile_04004_0000,4004,323091704
4004013,4004,13,Sumire (Halloween 2023),堇上線了,profile_04004_0000,4004,323102510
4004014,4004,14,Sumire (November 2023),堇: Today was really cold，huh?,profile_04004_0000,4004,323110112
4004015,4004,15,Sumire (Christmas 2023),堇: Merry Christmas!,profile_04004_0000,4004,323122546
4004018,4004,18,Sumire (White Day 2024),堇: Happy White Day!,profile_04004_0000,4004,324031466
4005001,4005,1,Ren (DM),戀: I know it's late，so I apologize if I'm disturbing you.,profile_04005_0000,4005,1
4005002,4005,2,Ren (Birthday 2023),戀上線了,profile_04005_0000,4005,123112402
4005003,4005,3,Ren (Birthday 2023),戀: Pardon interruption.,profile_04005_0000,4005,1
4005004,4005,16,Ren (New Year's 2024),戀: Happy New Year,profile_04005_0000,4005,324010174
4005005,4005,17,Ren (Valentine's 2024),戀上線了,profile_04005_0000,4005,324021466
4005007,4005,7,Ren (April 2023),戀: Good afternoon.,profile_04005_0000,4005,1
4005008,4005,8,Ren (May 2023),戀: Good evening.,profile_04005_0000,4005,1
4005009,4005,9,Ren (June 2023),戀: special article on Liella！has arrived.,profile_04005_0000,4005,323062604
4005010,4005,10,Ren (July 2023),戀上線了,profile_04005_0000,4005,323071805
4005011,4005,11,Ren (Summer Vacation 2023),戀上線了,profile_04005_0000,4005,323080403
4005012,4005,12,Ren (September 2023),戀: It's new semester now，huh.,profile_04005_0000,4005,323090118
4005013,4005,13,Ren (Halloween 2023),戀上線了,profile_04005_0000,4005,323102511
4005014,4005,14,Ren (November 2023),戀: We're certainly 於 Fall now，huh?,profile_04005_0000,4005,323110113
4005015,4005,15,Ren (Christmas 2023),戀上線了,profile_04005_0000,4005,323122547
4005018,4005,18,Ren (White Day 2024),戀: Good afternoon.,profile_04005_0000,4005,324031467
4006001,4006,1,Kinako (DM),希奈子: What's up?,profile_04006_0000,4006,1
4006003,4006,3,Kinako (Birthday 2023),希奈子: This is outta blue，but do you like potatoes?,profile_04006_0000,4006,1
4006004,4006,16,Kinako (New Year's 2024),希奈子: Happy New Yearrr,profile_04006_0000,4006,324010175
4006005,4006,17,Kinako Valentine 2024,希奈子: Can I have minute?,profile_04006_0000,4006,324021103
4006007,4006,7,Kinako (April 2023),希奈子: Take look at this!,profile_04006_0000,4006,1
4006008,4006,8,Kinako (May 2023),希奈子: Golden week's almost here.,profile_04006_0000,4006,1
4006009,4006,9,Kinako (June 2023),希奈子: That rain's never gonna stop，huh?,profile_04006_0000,4006,323062204
4006010,4006,10,Kinako (July 2023),希奈子: I got newsss!,profile_04006_0000,4006,323071004
4006011,4006,11,Kinako (Summer Vacation 2023),鬼塚夏美，.k。OniNatsu！ Oni-supplement 為 you 與 每日 doses 的 this 與 that，etc.!,profile_04006_0000,4006,323080604
4006012,4006,12,Kinako (September 2023),希奈子上線了,profile_04006_0000,4006,323090119
4006013,4006,13,Kinako (Halloween 2023),希奈子上線了,profile_04006_0000,4006,323102512
4006014,4006,14,Kinako (November 2023),希奈子: Dang，it sure is Fall now!,profile_04006_0000,4006,323110114
4006015,4006,15,Kinako (Christmas 2023),希奈子: Merry Christmas!,profile_04006_0000,4006,323122304
4006018,4006,18,Kinako (White Day 2024),希奈子上線了,profile_04006_0000,4006,324031005
4007001,4007,1,Mei (DM),芽衣: Sup?,profile_04007_0000,4007,1
4007002,4007,2,Mei (Birthday 2023),芽衣上線了,profile_04007_0000,4007,123102902
4007003,4007,3,Mei (Birthday 2023),芽衣: 曜 busy right now?,profile_04007_0000,4007,1
4007004,4007,16,Mei (New Year's 2024),芽衣: Sup?,profile_04007_0000,4007,324010176
4007005,4007,17,Mei Valentine 2024,芽衣上線了,profile_04007_0000,4007,324021004
4007007,4007,7,Mei (April 2023),芽衣 sent image,profile_04007_0000,4007,1
4007008,4007,8,Mei (May 2023),芽衣: 曜 have any plans 為 Golden Week yet?,profile_04007_0000,4007,1
4007009,4007,9,Mei (June 2023),芽衣: Got news article！Thanks 為 always being such big help.,profile_04007_0000,4007,323060604
4007010,4007,10,Mei (July 2023),芽衣: Sup.,profile_04007_0000,4007,323071806
4007011,4007,11,Mei (Summer Vacation 2023),芽衣: Emergency...,profile_04007_0000,4007,323082107
4007012,4007,12,Mei (September 2023),芽衣: Can you believe we're already going back 至 school?,profile_04007_0000,4007,323090120
4007013,4007,13,Mei (Halloween 2023),芽衣上線了,profile_04007_0000,4007,323102513
4007014,4007,14,Mei (November 2023),芽衣: Could we chat 為 bit?,profile_04007_0000,4007,323110115
4007015,4007,15,Mei (Christmas 2023),芽衣: Merry Christmas!,profile_04007_0000,4007,323122548
4007018,4007,18,Mei (White Day 2024),芽衣: Got sec?,profile_04007_0000,4007,324031006
4008001,4008,1,Shiki (DM),四季: Test message.,profile_04008_0000,4008,1
4008002,4008,2,Shiki (Birthday 2023),四季上線了,profile_04008_0000,4008,123061702
4008003,4008,3,Shiki (Birthday 2023),四季: Happy birthday.,profile_04008_0000,4008,1
4008004,4008,16,Shiki (New Year's 2024),四季: Hey，Happy New Year,profile_04008_0000,4008,324010177
4008005,4008,17,Shiki Valentine 2024,四季: can I come 於 now?,profile_04008_0000,4008,324021104
4008007,4008,7,Shiki (April 2023),四季: cherry blossoms are blooming.,profile_04008_0000,4008,1
4008008,4008,8,Shiki (May 2023),四季上線了,profile_04008_0000,4008,1
4008009,4008,9,Shiki (June 2023),四季上線了,profile_04008_0000,4008,323060806
4008010,4008,10,Shiki (July 2023),四季上線了,profile_04008_0000,4008,323072015
4008011,4008,11,Shiki (Summer Vacation 2023),四季上線了,profile_04008_0000,4008,323080404
4008012,4008,12,Shiki (September 2023),四季: I got article。Thanks.,profile_04008_0000,4008,323090121
4008013,4008,13,Shiki (Halloween 2023),四季上線了,profile_04008_0000,4008,323102202
4008014,4008,14,Shiki (November 2023),四季: Thanks 為 writing that Halloween article 為 us.,profile_04008_0000,4008,323111504
4008015,4008,15,Shiki (Christmas 2023),四季上線了,profile_04008_0000,4008,323122549
4008018,4008,18,Shiki (White Day 2024),四季上線了,profile_04008_0000,4008,324031468
4009001,4009,1,Natsumi (DM),夏美: Thanks 為 all hard work!,profile_04009_0000,4009,1
4009002,4009,2,Natsumi (Birthday 2023),夏美上線了,profile_04009_0000,4009,123080702
4009003,4009,3,Natsumi (Birthday 2023),夏美: ONINATSU!,profile_04009_0000,4009,1
4009004,4009,16,Natsumi (New Year's 2024),夏美: It's Happy New Year!,profile_04009_0000,4009,324010178
4009005,4009,17,Natsumi Valentine 2024,夏美: I know this is sudden，but I have quiz..!,profile_04009_0000,4009,324020904
4009007,4009,7,Natsumi (April 2023),夏美傳送了貼圖,profile_04009_0000,4009,1
4009008,4009,8,Natsumi (May 2023),夏美上線了,profile_04009_0000,4009,1
4009009,4009,9,Natsumi (June 2023),夏美: Thanksies 為 article，honey!,profile_04009_0000,4009,323060506
4009010,4009,10,Natsumi (July 2023),夏美: OniNatsuuu!,profile_04009_0000,4009,323072016
4009011,4009,11,Natsumi (Summer Vacation 2023),夏美傳送了貼圖,profile_04009_0000,4009,323082108
4009012,4009,12,Natsumi (September 2023),夏美: Surprise！OniNatsu pop quiz!,profile_04009_0000,4009,323090122
4009013,4009,13,Natsumi (Halloween 2023),夏美: Happy Halloween!,profile_04009_0000,4009,323102514
4009014,4009,14,Natsumi (November 2023),夏美: Fall is perfect season 為 good food!,profile_04009_0000,4009,323110116
4009015,4009,15,Natsumi (Christmas 2023),夏美: It's Merry Christmas!,profile_04009_0000,4009,323122550
4009018,4009,18,Natsumi (White Day 2024),夏美: OniNatsuuu!,profile_04009_0000,4009,324031104
4010001,4010,1,Margarete (DM),,,4010,323121501
4010003,4010,3,Margarete (Birthday 2023),,,4010,323121501
4011001,4011,1,Tomari (DM),,,4011,323121501
4011003,4011,3,Tomari (Birthday 2023),,,4011,323121501
4101001,4101,1,Liella!,可可: FIRST!,profile_04001_0000,"4002,4003,4004,4001,4005,4006,4009,4007,4008",1
4101002,4101,2,Kanon (Birthday Party 2023): Part 1,,,"4003,4006,4002,4007,4008,4005,4004,4009",1
4101003,4101,3,Kanon (Birthday Party 2023): Part 2,,,"4001,4003,4002,4006,4004,4005,4008,4009,4007",1
4101004,4101,4,Shiki (Birthday Party 2023): Part 1,,,"4006,4007,4009",123061702
4101005,4101,5,Shiki (Birthday Party 2023): Part 2,,,"4006,4007,4008,4009",123061702
4101006,4101,6,Liella! (Event Prep 2023),香音: Hey，guys，are you nearly ready?,profile_04001_0000,"4001,4002,4004,4007,4008,4003,4005,4006,4009",323062008
4101007,4101,7,Liella! (Summer 2023),希奈子: Tanabata is just around corner，huh!,profile_04001_0000,"4006,4007,4002,4005,4003,4001,4004,4009,4008",323070402
4101008,4101,8,Keke (Birthday Party 2023): Part 1,,,"4004,4001,4003,4005",123071702
4101009,4101,9,Keke (Birthday Party 2023): Part 2,,,"4002,4001,4004,4003,4005",123071702
4101010,4101,10,Natsumi (Birthday Party 2023): Part 1,,,"4006,4008,4007",123080702
4101011,4101,11,Natsumi (Birthday Party 2023): Part 2,,,"4009,4006,4007,4008",123080702
4101012,4101,12,Liella! (Summer Festival 2023),,,"4001,4003,4002,4005,4006,4004,4007,4008,4009",323082406
4101013,4101,13,Sumire (Birthday Party 2023): Part 1,,,"4002,4001,4006,4003,4005,4009,4008,4007",123092802
4101014,4101,14,Sumire (Birthday Party 2023): Part 2,,,"4004,4002,4005,4001,4003,4006,4007,4008,4009",123092802
4101015,4101,15,Liella! (Fall 2023),戀: Have you all appreciated gorgeous moon tonight?,profile_04001_0000,"4005,4003,4002,4008,4007,4009,4004,4006,4001",323100102
4101016,4101,16,Liella! Half Anniversary,,,"4003,4004,4007,4006,4002,4005,4009,4008,4001",323101404
4101017,4101,17,Mei (Birthday Party 2023): Part 1,,,"4008,4007",123102902
4101018,4101,18,Mei (Birthday Party 2023): Part 2,,,"4007,4008,4009,4006,4002,4004,4001,4003,4005",123102902
4101019,4101,19,Ren (Birthday Party 2023): Part 1,,,"4003,4002,4004,4001",123112402
4101020,4101,20,Ren (Birthday Party 2023): Part 2,,,"4005,4004,4002,4003,4001",123112402
4101021,4101,21,Liella! (Winter 2023),戀: Hey everyone，thank you 為 coming 至 today's Christmas Party!,profile_04001_0000,"4005,4001,4006,4003,4007,4008,4009,4004,4002",323122552
4101022,4101,22,Tomari (Birthday Party 2023) Part 1,,,"4009,4001,4004",123122802
4101023,4101,23,Tomari (Birthday Party 2023) Part 2,,,"4004,4006,4007,4011,4009,4001,4002,4003,4005,4008,4010",123122802
4101024,4101,24,Margarete Birthday Celebration 2024①,,,"4001,4004,4003,4005,4009,4011,4008,4007,4002,4006",124012002
4101025,4101,25,Margarete Birthday Celebration 2024②,,,"4010,4011,4001,4003,4004,4006,4009,4002,4007,4008,4005",124012002
4101026,4101,26,Liella! Live 2024,,,"4003,4002,4011,4010,4006,4007,4009,4008,4001,4005,4004",324011902
4101027,4101,27,Chisato (Birthday Party 2024): Part 1,,,"4001,4002,4004,4005",124022502
4101028,4101,28,Chisato (Birthday Party 2024): Part 2,,,"4003,4001,4002,4004,4005",124022502
4101029,4101,29,Liella! (Spring 2024),香音上線了,profile_04001_0000,"4002,4001,4006,4009,4004,4003,4008,4007,4005",324030303
4101030,4101,30,Kinako (Birthday Party 2024): Part 1,,,"4009,4006",324031604
4101031,4101,31,Kinako (Birthday Party 2024): Part 2,,,"4006,4009,4007,4008",324031604
